BLEU Score,METEOR Score,ROUGE-1,ROUGE-2,ROUGE-L,Cosine Similarity
0.0004684416828863335,0.06765156196216954,0.13499588348590583,0.01285377888871377,0.12522393261988898,0.3114298642665026
